{
  "checkpoint_path": "crystal_checkpoints/latest.pth",
  "epoch_reported": 7196,
  "file_size_mb": 4.506863594055176,
  "timestamp": "2026-01-28T17:42:41.489275",
  "weight_integrity": {
    "is_valid": true,
    "has_nan": false,
    "has_inf": false,
    "total_params": 589921,
    "nan_params": 0,
    "inf_params": 0,
    "corruption_ratio": 0.0,
    "layer_stats": {
      "input_proj.weight": {
        "shape": [
          32,
          1,
          1,
          1
        ],
        "mean": -0.01172979362308979,
        "std": 0.10277850925922394,
        "min": -0.345103919506073,
        "max": 0.3106932044029236,
        "has_nan": false,
        "has_inf": false
      },
      "input_proj.bias": {
        "shape": [
          32
        ],
        "mean": -0.019932471215724945,
        "std": 0.18399016559123993,
        "min": -0.3647365868091583,
        "max": 0.3687005937099457,
        "has_nan": false,
        "has_inf": false
      },
      "spectral_layers.0.kernel_real": {
        "shape": [
          32,
          32,
          9,
          16
        ],
        "mean": -2.6515078843658557e-06,
        "std": 0.002541832160204649,
        "min": -0.07586275041103363,
        "max": 0.06760169565677643,
        "has_nan": false,
        "has_inf": false
      },
      "spectral_layers.0.kernel_imag": {
        "shape": [
          32,
          32,
          9,
          16
        ],
        "mean": -5.346939246919646e-07,
        "std": 0.0024901179131120443,
        "min": -0.06559421122074127,
        "max": 0.0639030709862709,
        "has_nan": false,
        "has_inf": false
      },
      "spectral_layers.1.kernel_real": {
        "shape": [
          32,
          32,
          9,
          16
        ],
        "mean": -5.518187435882282e-07,
        "std": 0.0025485472287982702,
        "min": -0.07486237585544586,
        "max": 0.06978198885917664,
        "has_nan": false,
        "has_inf": false
      },
      "spectral_layers.1.kernel_imag": {
        "shape": [
          32,
          32,
          9,
          16
        ],
        "mean": -6.6987649915972725e-06,
        "std": 0.0025299813132733107,
        "min": -0.08184710144996643,
        "max": 0.07872085273265839,
        "has_nan": false,
        "has_inf": false
      },
      "output_proj.weight": {
        "shape": [
          1,
          32,
          1,
          1
        ],
        "mean": 0.0,
        "std": 0.0,
        "min": -0.0,
        "max": -0.0,
        "has_nan": false,
        "has_inf": false
      },
      "output_proj.bias": {
        "shape": [
          1
        ],
        "mean": -1.6854366791108077e-09,
        "std": NaN,
        "min": -1.6854366791108077e-09,
        "max": -1.6854366791108077e-09,
        "has_nan": false,
        "has_inf": false
      }
    }
  },
  "validation_metrics": {
    "mse": 0.0039062495343387127,
    "accuracy": 1.0,
    "max_error": 0.24775342643260956,
    "mean_error_per_coord": [
      [
        0.05238990858197212,
        0.053967442363500595,
        0.0525551475584507,
        0.06148286536335945,
        0.054209209978580475,
        0.057747192680835724,
        0.04148068279027939,
        0.043013036251068115,
        0.05293911322951317,
        0.05537863075733185,
        0.05045835301280022,
        0.04784686118364334,
        0.053908057510852814,
        0.048401471227407455,
        0.0507492832839489,
        0.05345524847507477
      ],
      [
        0.050703953951597214,
        0.04826221987605095,
        0.055103834718465805,
        0.04776406288146973,
        0.052330050617456436,
        0.04896934702992439,
        0.0493011511862278,
        0.04994014650583267,
        0.04320614039897919,
        0.05265077203512192,
        0.045580241829156876,
        0.043170977383852005,
        0.04999460279941559,
        0.05514408275485039,
        0.051843009889125824,
        0.04629109427332878
      ],
      [
        0.05539478361606598,
        0.04063072428107262,
        0.05433327704668045,
        0.0451245941221714,
        0.045137885957956314,
        0.04128818213939667,
        0.04800074175000191,
        0.049462590366601944,
        0.04265671223402023,
        0.04428551718592644,
        0.04735194519162178,
        0.04901130497455597,
        0.048709843307733536,
        0.0442606583237648,
        0.04948537424206734,
        0.04863523691892624
      ],
      [
        0.05228365957736969,
        0.05789422243833542,
        0.05255812406539917,
        0.057178061455488205,
        0.04980957508087158,
        0.04874346777796745,
        0.04827636480331421,
        0.041981641203165054,
        0.04002637416124344,
        0.04707372561097145,
        0.058671049773693085,
        0.04877195134758949,
        0.051941800862550735,
        0.05000249296426773,
        0.05215312913060188,
        0.04578828066587448
      ],
      [
        0.049856558442115784,
        0.05355540290474892,
        0.0567544624209404,
        0.04349350184202194,
        0.04615354165434837,
        0.057714127004146576,
        0.054233502596616745,
        0.05147670954465866,
        0.053304363042116165,
        0.04632718861103058,
        0.061277929693460464,
        0.04753211513161659,
        0.04764734208583832,
        0.04749860614538193,
        0.055882081389427185,
        0.04809372127056122
      ],
      [
        0.05034642294049263,
        0.04608900472521782,
        0.052097536623477936,
        0.04780320078134537,
        0.0452621690928936,
        0.04458966106176376,
        0.03873901814222336,
        0.05123845860362053,
        0.05169806256890297,
        0.0620928630232811,
        0.05036623403429985,
        0.04877942427992821,
        0.047002751380205154,
        0.04837925359606743,
        0.052229832857847214,
        0.04895377904176712
      ],
      [
        0.04742010682821274,
        0.041970785707235336,
        0.05519930273294449,
        0.04513075202703476,
        0.050362519919872284,
        0.04713677987456322,
        0.04531141370534897,
        0.056120309978723526,
        0.040462519973516464,
        0.05100933462381363,
        0.04920452460646629,
        0.0551593042910099,
        0.04498196393251419,
        0.05433718487620354,
        0.057613883167505264,
        0.05421173572540283
      ],
      [
        0.04452037066221237,
        0.041023410856723785,
        0.05160725116729736,
        0.057587139308452606,
        0.04385190084576607,
        0.05056942254304886,
        0.05338425561785698,
        0.05069185793399811,
        0.050791654735803604,
        0.04602726921439171,
        0.05230770260095596,
        0.04522065445780754,
        0.055083975195884705,
        0.052587613463401794,
        0.05273870751261711,
        0.050208862870931625
      ],
      [
        0.04535951465368271,
        0.05082457512617111,
        0.041392527520656586,
        0.05283628776669502,
        0.04708316549658775,
        0.05022641643881798,
        0.04541248083114624,
        0.048570092767477036,
        0.04221154376864433,
        0.05922926589846611,
        0.048677992075681686,
        0.048067111521959305,
        0.04320944473147392,
        0.049883488565683365,
        0.040606264024972916,
        0.05170483887195587
      ],
      [
        0.04292739927768707,
        0.06347537785768509,
        0.05270357057452202,
        0.04915208742022514,
        0.05216635391116142,
        0.04920361563563347,
        0.049233999103307724,
        0.04419420659542084,
        0.04169744625687599,
        0.04854618012905121,
        0.041047509759664536,
        0.06007968634366989,
        0.05730018764734268,
        0.050057053565979004,
        0.0416836217045784,
        0.049224358052015305
      ],
      [
        0.04687711223959923,
        0.051605019718408585,
        0.05130324885249138,
        0.05243415758013725,
        0.04566248506307602,
