{
  "metadata": {
    "checkpoint_path": "crystal_checkpoints/latest.pth",
    "epoch": 7196,
    "timestamp": "2026-01-31T01:35:23.368661",
    "analysis_version": "1.0.0"
  },
  "state_space": {
    "A_shape": [
      32,
      32
    ],
    "B_shape": [
      32,
      1
    ],
    "C_shape": [
      1,
      32
    ],
    "D_shape": [
      1,
      1
    ],
    "num_states": 32
  },
  "transfer_function": {
    "numerator": [
      1.0,
      -3.0562835065786247e-28,
      0.0,
      0.0,
      0.0,
      0.0,
      0.0,
      0.0,
      0.0,
      0.0,
      0.0,
      0.0,
      0.0,
      0.0,
      0.0,
      0.0,
      0.0,
      0.0,
      0.0,
      0.0,
      0.0,
      0.0,
      0.0,
      0.0,
      0.0,
      0.0,
      0.0,
      0.0,
      0.0,
      0.0,
      0.0,
      0.0,
      0.0
    ],
    "denominator": [
      1.0,
      -3.0562835065786247e-28,
      0.0,
      0.0,
      0.0,
      0.0,
      0.0,
      0.0,
      0.0,
      0.0,
      0.0,
      0.0,
      0.0,
      0.0,
      0.0,
      0.0,
      0.0,
      0.0,
      0.0,
      0.0,
      0.0,
      0.0,
      0.0,
      0.0,
      0.0,
      0.0,
      0.0,
      0.0,
      0.0,
      0.0,
      0.0,
      0.0,
      0.0
    ],
    "order": 32
  },
  "poles_zeros": {
    "poles": [
      "(3.0562835065786247e-28+0j)",
      "0j",
      "0j",
      "0j",
      "0j",
      "0j",
      "0j",
      "0j",
      "0j",
      "0j",
      "0j",
      "0j",
      "0j",
      "0j",
      "0j",
      "0j",
      "0j",
      "0j",
      "0j",
      "0j",
      "0j",
      "0j",
      "0j",
      "0j",
      "0j",
      "0j",
      "0j",
      "0j",
      "0j",
      "0j",
      "0j",
      "0j"
    ],
    "zeros": [
      "(3.0562835065786247e-28+0j)",
      "0j",
      "0j",
      "0j",
      "0j",
      "0j",
      "0j",
      "0j",
      "0j",
      "0j",
      "0j",
      "0j",
      "0j",
      "0j",
      "0j",
      "0j",
      "0j",
      "0j",
      "0j",
      "0j",
      "0j",
      "0j",
      "0j",
      "0j",
      "0j",
      "0j",
      "0j",
      "0j",
      "0j",
      "0j",
      "0j",
      "0j"
    ],
    "num_poles": 32,
    "num_zeros": 32
  },
  "stability": {
    "is_stable": false,
    "stability_type": "marginally_stable",
    "dominant_pole": "(3.0562835065786247e-28+0j)",
    "stability_margin": -3.0562835065786247e-28,
    "unstable_poles": [
      "(3.0562835065786247e-28+0j)",
      "0j",
      "0j",
      "0j",
      "0j",
      "0j",
      "0j",
      "0j",
      "0j",
      "0j",
      "0j",
      "0j",
      "0j",
      "0j",
      "0j",
      "0j",
      "0j",
      "0j",
      "0j",
      "0j",
      "0j",
      "0j",
      "0j",
      "0j",
      "0j",
      "0j",
      "0j",
      "0j",
      "0j",
      "0j",
      "0j",
      "0j"
    ],
    "num_unstable": 32
  },
  "pole_classification": {
    "real_poles": [
      "(3.0562835065786247e-28+0j)",
      "0j",
      "0j",
      "0j",
      "0j",
      "0j",
      "0j",
      "0j",
      "0j",
      "0j",
      "0j",
      "0j",
      "0j",
      "0j",
      "0j",
      "0j",
      "0j",
      "0j",
      "0j",
      "0j",
      "0j",
      "0j",
      "0j",
      "0j",
      "0j",
      "0j",
      "0j",
      "0j",
      "0j",
      "0j",
      "0j",
      "0j"
    ],
    "complex_poles": [],
    "total_real": 32,
    "total_complex": 0
  },
  "damping_frequency": [
    {
      "pole": "(3.0562835065786247e-28+0j)",
      "natural_frequency": "3.0562835e-28",
      "damping_ratio": -1.0,
      "damped_frequency": 0.0,
      "type": "overdamped"
    },
    {
      "pole": "0j",
      "natural_frequency": "0.0",
      "damping_ratio": -1.0,
      "damped_frequency": 0.0,
      "type": "overdamped"
    },
    {
      "pole": "0j",
      "natural_frequency": "0.0",
      "damping_ratio": -1.0,
      "damped_frequency": 0.0,
      "type": "overdamped"
    },
    {
      "pole": "0j",
      "natural_frequency": "0.0",
      "damping_ratio": -1.0,
      "damped_frequency": 0.0,
      "type": "overdamped"
    },
    {
      "pole": "0j",
      "natural_frequency": "0.0",
      "damping_ratio": -1.0,
      "damped_frequency": 0.0,
      "type": "overdamped"
    },
    {
      "pole": "0j",
      "natural_frequency": "0.0",
      "damping_ratio": -1.0,
      "damped_frequency": 0.0,
      "type": "overdamped"
    },
    {
      "pole": "0j",
      "natural_frequency": "0.0",
      "damping_ratio": -1.0,
      "damped_frequency": 0.0,
      "type": "overdamped"
    },
    {
      "pole": "0j",
      "natural_frequency": "0.0",
      "damping_ratio": -1.0,
      "damped_frequency": 0.0,
      "type": "overdamped"
    },
    {
      "pole": "0j",
      "natural_frequency": "0.0",
      "damping_ratio": -1.0,
      "damped_frequency": 0.0,
      "type": "overdamped"
    },
    {
      "pole": "0j",
      "natural_frequency": "0.0",
      "damping_ratio": -1.0,
      "damped_frequency": 0.0,
      "type": "overdamped"
    },
    {
      "pole": "0j",
      "natural_frequency": "0.0",
      "damping_ratio": -1.0,
      "damped_frequency": 0.0,
      "type": "overdamped"
    },
    {
      "pole": "0j",
      "natural_frequency": "0.0",
      "damping_ratio": -1.0,
      "damped_frequency": 0.0,
      "type": "overdamped"
    },
    {
      "pole": "0j",
      "natural_frequency": "0.0",
      "damping_ratio": -1.0,
      "damped_frequency": 0.0,
      "type": "overdamped"
    },
    {
      "pole": "0j",
      "natural_frequency": "0.0",
      "damping_ratio": -1.0,
      "damped_frequency": 0.0,
      "type": "overdamped"
    },
    {
      "pole": "0j",
      "natural_frequency": "0.0",
      "damping_ratio": -1.0,
      "damped_frequency": 0.0,
      "type": "overdamped"
    },
    {
      "pole": "0j",
      "natural_frequency": "0.0",
      "damping_ratio": -1.0,
      "damped_frequency": 0.0,
      "type": "overdamped"
    },
    {
      "pole": "0j",
      "natural_frequency": "0.0",
      "damping_ratio": -1.0,
      "damped_frequency": 0.0,
      "type": "overdamped"
    },
    {
      "pole": "0j",
      "natural_frequency": "0.0",
      "damping_ratio": -1.0,
      "damped_frequency": 0.0,
      "type": "overdamped"
    },
    {
      "pole": "0j",
      "natural_frequency": "0.0",
      "damping_ratio": -1.0,
      "damped_frequency": 0.0,
      "type": "overdamped"
    },
    {
      "pole": "0j",
      "natural_frequency": "0.0",
      "damping_ratio": -1.0,
      "damped_frequency": 0.0,
      "type": "overdamped"
    },
    {
      "pole": "0j",
      "natural_frequency": "0.0",
      "damping_ratio": -1.0,
      "damped_frequency": 0.0,
      "type": "overdamped"
    },
    {
      "pole": "0j",
      "natural_frequency": "0.0",
      "damping_ratio": -1.0,
      "damped_frequency": 0.0,
      "type": "overdamped"
    },
    {
      "pole": "0j",
      "natural_frequency": "0.0",
      "damping_ratio": -1.0,
      "damped_frequency": 0.0,
      "type": "overdamped"
    },
    {
      "pole": "0j",
      "natural_frequency": "0.0",
      "damping_ratio": -1.0,
      "damped_frequency": 0.0,
      "type": "overdamped"
    },
    {
      "pole": "0j",
      "natural_frequency": "0.0",
      "damping_ratio": -1.0,
      "damped_frequency": 0.0,
      "type": "overdamped"
    },
    {
      "pole": "0j",
      "natural_frequency": "0.0",
      "damping_ratio": -1.0,
      "damped_frequency": 0.0,
      "type": "overdamped"
    },
    {
      "pole": "0j",
      "natural_frequency": "0.0",
      "damping_ratio": -1.0,
      "damped_frequency": 0.0,
      "type": "overdamped"
    },
    {
      "pole": "0j",
      "natural_frequency": "0.0",
      "damping_ratio": -1.0,
      "damped_frequency": 0.0,
      "type": "overdamped"
    },
    {
      "pole": "0j",
      "natural_frequency": "0.0",
      "damping_ratio": -1.0,
      "damped_frequency": 0.0,
      "type": "overdamped"
    },
    {
      "pole": "0j",
      "natural_frequency": "0.0",
      "damping_ratio": -1.0,