{
  "success": false,
  "initial_delta": 0.3468969166278839,
  "final_delta": 0.3468969166278839,
  "improvement": 1.0,
  "epochs": 3000,
  "timestamp": "2026-01-28T15:24:04.838107"
}